[
  {
    "country": "Afghanistan",
    "region": "Middle East and North Africa (WB)"
  },
  {
    "country": "Aland Islands",
    "region": "Europe and Central Asia (WB)"
  },
  {
    "country": "Albania",
    "region": "Europe and Central Asia (WB)"
  },
  {
    "country": "Algeria",
    "region": "Middle East and North Africa (WB)"
  },
  {
    "country": "American Samoa",
    "region": "East Asia and Pacific (WB)"
  },
  {
    "country": "Andorra",
    "region": "Europe and Central Asia (WB)"
  },
  {
    "country": "Angola",
    "region": "Sub-Saharan Africa (WB)"
  },
  {
    "country": "Anguilla",
    "region": "Europe and Central Asia (WB)"
  },
  {
    "country": "Antigua and Barbuda",
    "region": "Latin America and Caribbean (WB)"
  },
  {
    "country": "Argentina",
    "region": "Latin America and Caribbean (WB)"
  },
  {
    "country": "Armenia",
    "region": "Europe and Central Asia (WB)"
  },
  {
    "country": "Aruba",
    "region": "Latin America and Caribbean (WB)"
  },
  {
    "country": "Australia",
    "region": "East Asia and Pacific (WB)"
  },
  {
    "country": "Austria",
    "region": "Europe and Central Asia (WB)"
  },
  {
    "country": "Austria-Hungary",
    "region": "Europe and Central Asia (WB)"
  },
  {
    "country": "Azerbaijan",
    "region": "Europe and Central Asia (WB)"
  },
  {
    "country": "Bahamas",
    "region": "Latin America and Caribbean (WB)"
  },
  {
    "country": "Bahrain",
    "region": "Middle East and North Africa (WB)"
  },
  {
    "country": "Bangladesh",
    "region": "South Asia (WB)"
  },
  {
    "country": "Barbados",
    "region": "Latin America and Caribbean (WB)"
  },
  {
    "country": "Belarus",
    "region": "Europe and Central Asia (WB)"
  },
  {
    "country": "Belgium",
    "region": "Europe and Central Asia (WB)"
  },
  {
    "country": "Belize",
    "region": "Latin America and Caribbean (WB)"
  },
  {
    "country": "Benin",
    "region": "Sub-Saharan Africa (WB)"
  },
  {
    "country": "Bermuda",
    "region": "North America (WB)"
  },
  {
    "country": "Bhutan",
    "region": "South Asia (WB)"
  },
  {
    "country": "Bolivia",
    "region": "Latin America and Caribbean (WB)"
  },
  {
    "country": "Bonaire Sint Eustatius and Saba",
    "region": "Europe and Central Asia (WB)"
  },
  {
    "country": "Bosnia and Herzegovina",
    "region": "Europe and Central Asia (WB)"
  },
  {
    "country": "Botswana",
    "region": "Sub-Saharan Africa (WB)"
  },
  {
    "country": "Brazil",
    "region": "Latin America and Caribbean (WB)"
  },
  {
    "country": "British Indian Ocean Territory",
    "region": "South Asia (WB)"
  },
  {
    "country": "British Virgin Islands",
    "region": "Latin America and Caribbean (WB)"
  },
  {
    "country": "Brunei",
    "region": "East Asia and Pacific (WB)"
  },
  {
    "country": "Bulgaria",
    "region": "Europe and Central Asia (WB)"
  },
  {
    "country": "Burkina Faso",
    "region": "Sub-Saharan Africa (WB)"
  },
  {
    "country": "Burundi",
    "region": "Sub-Saharan Africa (WB)"
  },
  {
    "country": "Cambodia",
    "region": "East Asia and Pacific (WB)"
  },
  {
    "country": "Cameroon",
    "region": "Sub-Saharan Africa (WB)"
  },
  {
    "country": "Canada",
    "region": "North America (WB)"
  },
  {
    "country": "Cape Verde",
    "region": "Sub-Saharan Africa (WB)"
  },
  {
    "country": "Cayman Islands",
    "region": "Latin America and Caribbean (WB)"
  },
  {
    "country": "Central African Republic",
    "region": "Sub-Saharan Africa (WB)"
  },
  {
    "country": "Chad",
    "region": "Sub-Saharan Africa (WB)"
  },
  {
    "country": "Chile",
    "region": "Latin America and Caribbean (WB)"
  },
  {
    "country": "China",
    "region": "East Asia and Pacific (WB)"
  },
  {
    "country": "Christmas Island",
    "region": "East Asia and Pacific (WB)"
  },
  {
    "country": "Cocos Islands",
    "region": "East Asia and Pacific (WB)"
  },
  {
    "country": "Colombia",
    "region": "Latin America and Caribbean (WB)"
  },
  {
    "country": "Comoros",
    "region": "Sub-Saharan Africa (WB)"
  },
  {
    "country": "Congo",
    "region": "Sub-Saharan Africa (WB)"
  },
  {
    "country": "Cook Islands",
    "region": "East Asia and Pacific (WB)"
  },
  {
    "country": "Costa Rica",
    "region": "Latin America and Caribbean (WB)"
  },
  {
    "country": "Cote d'Ivoire",
    "region": "Sub-Saharan Africa (WB)"
  },
  {
    "country": "Croatia",
    "region": "Europe and Central Asia (WB)"
  },
  {
    "country": "Cuba",
    "region": "Latin America and Caribbean (WB)"
  },
  {
    "country": "Curacao",
    "region": "Latin America and Caribbean (WB)"
  },
  {
    "country": "Cyprus",
    "region": "Europe and Central Asia (WB)"
  },
  {
    "country": "Czechia",
    "region": "Europe and Central Asia (WB)"
  },
  {
    "country": "Czechoslovakia",
    "region": "Europe and Central Asia (WB)"
  },
  {
    "country": "Democratic Republic of Congo",
    "region": "Sub-Saharan Africa (WB)"
  },
  {
    "country": "Democratic Republic of Vietnam",
    "region": "East Asia and Pacific (WB)"
  },
  {
    "country": "Denmark",
    "region": "Europe and Central Asia (WB)"
  },
  {
    "country": "Djibouti",
    "region": "Middle East and North Africa (WB)"
  },
  {
    "country": "Dominica",
    "region": "Latin America and Caribbean (WB)"
  },
  {
    "country": "Dominican Republic",
    "region": "Latin America and Caribbean (WB)"
  },
  {
    "country": "Duchy of Modena and Reggio",
    "region": "Europe and Central Asia (WB)"
  },
  {
    "country": "Duchy of Parma and Piacenza",
    "region": "Europe and Central Asia (WB)"
  },
  {
    "country": "East Germany",
    "region": "Europe and Central Asia (WB)"
  },
  {
    "country": "East Timor",
    "region": "East Asia and Pacific (WB)"
  },
  {
    "country": "Ecuador",
    "region": "Latin America and Caribbean (WB)"
  },
  {
    "country": "Egypt",
    "region": "Middle East and North Africa (WB)"
  },
  {
    "country": "El Salvador",
    "region": "Latin America and Caribbean (WB)"
  },
  {
    "country": "Equatorial Guinea",
    "region": "Sub-Saharan Africa (WB)"
  },
  {
    "country": "Eritrea",
    "region": "Sub-Saharan Africa (WB)"
  },
  {
    "country": "Estonia",
    "region": "Europe and Central Asia (WB)"
  },
  {
    "country": "Eswatini",
    "region": "Sub-Saharan Africa (WB)"
  },
  {
    "country": "Ethiopia",
    "region": "Sub-Saharan Africa (WB)"
  },
  {
    "country": "Ethiopia (former)",
    "region": "Sub-Saharan Africa (WB)"
  },
  {
    "country": "Falkland Islands",
    "region": "Latin America and Caribbean (WB)"
  },
  {
    "country": "Faroe Islands",
    "region": "Europe and Central Asia (WB)"
  },
  {
    "country": "Federal Republic of Central America",
    "region": "Latin America and Caribbean (WB)"
  },
  {
    "country": "Fiji",
    "region": "East Asia and Pacific (WB)"
  },
  {
    "country": "Finland",
    "region": "Europe and Central Asia (WB)"
  },
  {
    "country": "France",
    "region": "Europe and Central Asia (WB)"
  },
  {
    "country": "French Guiana",
    "region": "Europe and Central Asia (WB)"
  },
  {
    "country": "French Polynesia",
    "region": "East Asia and Pacific (WB)"
  },
  {
    "country": "Gabon",
    "region": "Sub-Saharan Africa (WB)"
  },
  {
    "country": "Gambia",
    "region": "Sub-Saharan Africa (WB)"
  },
  {
    "country": "Georgia",
    "region": "Europe and Central Asia (WB)"
  },
  {
    "country": "Germany",
    "region": "Europe and Central Asia (WB)"
  },
  {
    "country": "Ghana",
    "region": "Sub-Saharan Africa (WB)"
  },
  {
    "country": "Gibraltar",
    "region": "Europe and Central Asia (WB)"
  },
  {
    "country": "Grand Duchy of Baden",
    "region": "Europe and Central Asia (WB)"
  },
  {
    "country": "Grand Duchy of Tuscany",
    "region": "Europe and Central Asia (WB)"
  },
  {
    "country": "Great Colombia",
    "region": "Latin America and Caribbean (WB)"
  },
  {
    "country": "Greece",
    "region": "Europe and Central Asia (WB)"
  },
  {
    "country": "Greenland",
    "region": "Europe and Central Asia (WB)"
  },
  {
    "country": "Grenada",
    "region": "Latin America and Caribbean (WB)"
  },
  {
    "country": "Guadeloupe",
    "region": "Europe and Central Asia (WB)"
  },
  {
    "country": "Guam",
    "region": "East Asia and Pacific (WB)"
  },
  {
    "country": "Guatemala",
    "region": "Latin America and Caribbean (WB)"
  },
  {
    "country": "Guernsey",
    "region": "Europe and Central Asia (WB)"
  },
  {
    "country": "Guinea",
    "region": "Sub-Saharan Africa (WB)"
  },
  {
    "country": "Guinea-Bissau",
    "region": "Sub-Saharan Africa (WB)"
  },
  {
    "country": "Guyana",
    "region": "Latin America and Caribbean (WB)"
  },
  {
    "country": "Haiti",
    "region": "Latin America and Caribbean (WB)"
  },
  {
    "country": "Honduras",
    "region": "Latin America and Caribbean (WB)"
  },
  {
    "country": "Hong Kong",
    "region": "East Asia and Pacific (WB)"
  },
  {
    "country": "Hungary",
    "region": "Europe and Central Asia (WB)"
  },
  {
    "country": "Iceland",
    "region": "Europe and Central Asia (WB)"
  },
  {
    "country": "India",
    "region": "South Asia (WB)"
  },
  {
    "country": "Indonesia",
    "region": "East Asia and Pacific (WB)"
  },
  {
    "country": "Iran",
    "region": "Middle East and North Africa (WB)"
  },
  {
    "country": "Iraq",
    "region": "Middle East and North Africa (WB)"
  },
  {
    "country": "Ireland",
    "region": "Europe and Central Asia (WB)"
  },
  {
    "country": "Isle of Man",
    "region": "Europe and Central Asia (WB)"
  },
  {
    "country": "Israel",
    "region": "Middle East and North Africa (WB)"
  },
  {
    "country": "Italy",
    "region": "Europe and Central Asia (WB)"
  },
  {
    "country": "Jamaica",
    "region": "Latin America and Caribbean (WB)"
  },
  {
    "country": "Japan",
    "region": "East Asia and Pacific (WB)"
  },
  {
    "country": "Jersey",
    "region": "Europe and Central Asia (WB)"
  },
  {
    "country": "Jordan",
    "region": "Middle East and North Africa (WB)"
  },
  {
    "country": "Kazakhstan",
    "region": "Europe and Central Asia (WB)"
  },
  {
    "country": "Kenya",
    "region": "Sub-Saharan Africa (WB)"
  },
  {
    "country": "Kingdom of Bavaria",
    "region": "Europe and Central Asia (WB)"
  },
  {
    "country": "Kingdom of Sardinia",
    "region": "Europe and Central Asia (WB)"
  },
  {
    "country": "Kingdom of Saxony",
    "region": "Europe and Central Asia (WB)"
  },
  {
    "country": "Kingdom of Wurttemberg",
    "region": "Europe and Central Asia (WB)"
  },
  {
    "country": "Kingdom of the Two Sicilies",
    "region": "Europe and Central Asia (WB)"
  },
  {
    "country": "Kiribati",
    "region": "East Asia and Pacific (WB)"
  },
  {
    "country": "Korea (former)",
    "region": "East Asia and Pacific (WB)"
  },
  {
    "country": "Kosovo",
    "region": "Europe and Central Asia (WB)"
  },
  {
    "country": "Kuwait",
    "region": "Middle East and North Africa (WB)"
  },
  {
    "country": "Kyrgyzstan",
    "region": "Europe and Central Asia (WB)"
  },
  {
    "country": "Laos",
    "region": "East Asia and Pacific (WB)"
  },
  {
    "country": "Latvia",
    "region": "Europe and Central Asia (WB)"
  },
  {
    "country": "Lebanon",
    "region": "Middle East and North Africa (WB)"
  },
  {
    "country": "Lesotho",
    "region": "Sub-Saharan Africa (WB)"
  },
  {
    "country": "Liberia",
    "region": "Sub-Saharan Africa (WB)"
  },
  {
    "country": "Libya",
    "region": "Middle East and North Africa (WB)"
  },
  {
    "country": "Liechtenstein",
    "region": "Europe and Central Asia (WB)"
  },
  {
    "country": "Lithuania",
    "region": "Europe and Central Asia (WB)"
  },
  {
    "country": "Luxembourg",
    "region": "Europe and Central Asia (WB)"
  },
  {
    "country": "Macao",
    "region": "East Asia and Pacific (WB)"
  },
  {
    "country": "Madagascar",
    "region": "Sub-Saharan Africa (WB)"
  },
  {
    "country": "Malawi",
    "region": "Sub-Saharan Africa (WB)"
  },
  {
    "country": "Malaysia",
    "region": "East Asia and Pacific (WB)"
  },
  {
    "country": "Maldives",
    "region": "South Asia (WB)"
  },
  {
    "country": "Mali",
    "region": "Sub-Saharan Africa (WB)"
  },
  {
    "country": "Malta",
    "region": "Middle East and North Africa (WB)"
  },
  {
    "country": "Marshall Islands",
    "region": "East Asia and Pacific (WB)"
  },
  {
    "country": "Martinique",
    "region": "Europe and Central Asia (WB)"
  },
  {
    "country": "Mauritania",
    "region": "Sub-Saharan Africa (WB)"
  },
  {
    "country": "Mauritius",
    "region": "Sub-Saharan Africa (WB)"
  },
  {
    "country": "Mayotte",
    "region": "Europe and Central Asia (WB)"
  },
  {
    "country": "Mexico",
    "region": "Latin America and Caribbean (WB)"
  },
  {
    "country": "Micronesia (country)",
    "region": "East Asia and Pacific (WB)"
  },
  {
    "country": "Moldova",
    "region": "Europe and Central Asia (WB)"
  },
  {
    "country": "Monaco",
    "region": "Europe and Central Asia (WB)"
  },
  {
    "country": "Mongolia",
    "region": "East Asia and Pacific (WB)"
  },
  {
    "country": "Montenegro",
    "region": "Europe and Central Asia (WB)"
  },
  {
    "country": "Montserrat",
    "region": "Europe and Central Asia (WB)"
  },
  {
    "country": "Morocco",
    "region": "Middle East and North Africa (WB)"
  },
  {
    "country": "Mozambique",
    "region": "Sub-Saharan Africa (WB)"
  },
  {
    "country": "Myanmar",
    "region": "East Asia and Pacific (WB)"
  },
  {
    "country": "Namibia",
    "region": "Sub-Saharan Africa (WB)"
  },
  {
    "country": "Nauru",
    "region": "East Asia and Pacific (WB)"
  },
  {
    "country": "Nepal",
    "region": "South Asia (WB)"
  },
  {
    "country": "Netherlands",
    "region": "Europe and Central Asia (WB)"
  },
  {
    "country": "Netherlands Antilles",
    "region": "Europe and Central Asia (WB)"
  },
  {
    "country": "New Caledonia",
    "region": "East Asia and Pacific (WB)"
  },
  {
    "country": "New Zealand",
    "region": "East Asia and Pacific (WB)"
  },
  {
    "country": "Nicaragua",
    "region": "Latin America and Caribbean (WB)"
  },
  {
    "country": "Niger",
    "region": "Sub-Saharan Africa (WB)"
  },
  {
    "country": "Nigeria",
    "region": "Sub-Saharan Africa (WB)"
  },
  {
    "country": "Niue",
    "region": "East Asia and Pacific (WB)"
  },
  {
    "country": "Norfolk Island",
    "region": "East Asia and Pacific (WB)"
  },
  {
    "country": "North Korea",
    "region": "East Asia and Pacific (WB)"
  },
  {
    "country": "North Macedonia",
    "region": "Europe and Central Asia (WB)"
  },
  {
    "country": "Northern Mariana Islands",
    "region": "East Asia and Pacific (WB)"
  },
  {
    "country": "Norway",
    "region": "Europe and Central Asia (WB)"
  },
  {
    "country": "Oman",
    "region": "Middle East and North Africa (WB)"
  },
  {
    "country": "Orange Free State",
    "region": "Sub-Saharan Africa (WB)"
  },
  {
    "country": "Pakistan",
    "region": "Middle East and North Africa (WB)"
  },
  {
    "country": "Pakistan (former)",
    "region": "Middle East and North Africa (WB)"
  },
  {
    "country": "Palau",
    "region": "East Asia and Pacific (WB)"
  },
  {
    "country": "Palestine",
    "region": "Middle East and North Africa (WB)"
  },
  {
    "country": "Panama",
    "region": "Latin America and Caribbean (WB)"
  },
  {
    "country": "Papua New Guinea",
    "region": "East Asia and Pacific (WB)"
  },
  {
    "country": "Paraguay",
    "region": "Latin America and Caribbean (WB)"
  },
  {
    "country": "Peru",
    "region": "Latin America and Caribbean (WB)"
  },
  {
    "country": "Philippines",
    "region": "East Asia and Pacific (WB)"
  },
  {
    "country": "Pitcairn",
    "region": "East Asia and Pacific (WB)"
  },
  {
    "country": "Poland",
    "region": "Europe and Central Asia (WB)"
  },
  {
    "country": "Portugal",
    "region": "Europe and Central Asia (WB)"
  },
  {
    "country": "Puerto Rico",
    "region": "Latin America and Caribbean (WB)"
  },
  {
    "country": "Qatar",
    "region": "Middle East and North Africa (WB)"
  },
  {
    "country": "Republic of Vietnam",
    "region": "East Asia and Pacific (WB)"
  },
  {
    "country": "Reunion",
    "region": "Europe and Central Asia (WB)"
  },
  {
    "country": "Romania",
    "region": "Europe and Central Asia (WB)"
  },
  {
    "country": "Russia",
    "region": "Europe and Central Asia (WB)"
  },
  {
    "country": "Rwanda",
    "region": "Sub-Saharan Africa (WB)"
  },
  {
    "country": "Saint Barthelemy",
    "region": "Europe and Central Asia (WB)"
  },
  {
    "country": "Saint Helena",
    "region": "Europe and Central Asia (WB)"
  },
  {
    "country": "Saint Kitts and Nevis",
    "region": "Latin America and Caribbean (WB)"
  },
  {
    "country": "Saint Lucia",
    "region": "Latin America and Caribbean (WB)"
  },
  {
    "country": "Saint Martin (French part)",
    "region": "Latin America and Caribbean (WB)"
  },
  {
    "country": "Saint Pierre and Miquelon",
    "region": "North America (WB)"
  },
  {
    "country": "Saint Vincent and the Grenadines",
    "region": "Latin America and Caribbean (WB)"
  },
  {
    "country": "Samoa",
    "region": "East Asia and Pacific (WB)"
  },
  {
    "country": "San Marino",
    "region": "Europe and Central Asia (WB)"
  },
  {
    "country": "Sao Tome and Principe",
    "region": "Sub-Saharan Africa (WB)"
  },
  {
    "country": "Saudi Arabia",
    "region": "Middle East and North Africa (WB)"
  },
  {
    "country": "Senegal",
    "region": "Sub-Saharan Africa (WB)"
  },
  {
    "country": "Serbia",
    "region": "Europe and Central Asia (WB)"
  },
  {
    "country": "Serbia and Montenegro",
    "region": "Europe and Central Asia (WB)"
  },
  {
    "country": "Seychelles",
    "region": "Sub-Saharan Africa (WB)"
  },
  {
    "country": "Sierra Leone",
    "region": "Sub-Saharan Africa (WB)"
  },
  {
    "country": "Singapore",
    "region": "East Asia and Pacific (WB)"
  },
  {
    "country": "Sint Maarten (Dutch part)",
    "region": "Latin America and Caribbean (WB)"
  },
  {
    "country": "Slovakia",
    "region": "Europe and Central Asia (WB)"
  },
  {
    "country": "Slovenia",
    "region": "Europe and Central Asia (WB)"
  },
  {
    "country": "Solomon Islands",
    "region": "East Asia and Pacific (WB)"
  },
  {
    "country": "Somalia",
    "region": "Sub-Saharan Africa (WB)"
  },
  {
    "country": "South Africa",
    "region": "Sub-Saharan Africa (WB)"
  },
  {
    "country": "South Georgia and the South Sandwich Islands",
    "region": "Latin America and Caribbean (WB)"
  },
  {
    "country": "South Korea",
    "region": "East Asia and Pacific (WB)"
  },
  {
    "country": "South Sudan",
    "region": "Sub-Saharan Africa (WB)"
  },
  {
    "country": "Spain",
    "region": "Europe and Central Asia (WB)"
  },
  {
    "country": "Sri Lanka",
    "region": "South Asia (WB)"
  },
  {
    "country": "Sudan",
    "region": "Sub-Saharan Africa (WB)"
  },
  {
    "country": "Suriname",
    "region": "Latin America and Caribbean (WB)"
  },
  {
    "country": "Sweden",
    "region": "Europe and Central Asia (WB)"
  },
  {
    "country": "Switzerland",
    "region": "Europe and Central Asia (WB)"
  },
  {
    "country": "Syria",
    "region": "Middle East and North Africa (WB)"
  },
  {
    "country": "Taiwan",
    "region": "East Asia and Pacific (WB)"
  },
  {
    "country": "Tajikistan",
    "region": "Europe and Central Asia (WB)"
  },
  {
    "country": "Tanzania",
    "region": "Sub-Saharan Africa (WB)"
  },
  {
    "country": "Thailand",
    "region": "East Asia and Pacific (WB)"
  },
  {
    "country": "Togo",
    "region": "Sub-Saharan Africa (WB)"
  },
  {
    "country": "Tokelau",
    "region": "East Asia and Pacific (WB)"
  },
  {
    "country": "Tonga",
    "region": "East Asia and Pacific (WB)"
  },
  {
    "country": "Trinidad and Tobago",
    "region": "Latin America and Caribbean (WB)"
  },
  {
    "country": "Tunisia",
    "region": "Middle East and North Africa (WB)"
  },
  {
    "country": "Turkey",
    "region": "Europe and Central Asia (WB)"
  },
  {
    "country": "Turkmenistan",
    "region": "Europe and Central Asia (WB)"
  },
  {
    "country": "Turks and Caicos Islands",
    "region": "Latin America and Caribbean (WB)"
  },
  {
    "country": "Tuvalu",
    "region": "East Asia and Pacific (WB)"
  },
  {
    "country": "USSR",
    "region": "Europe and Central Asia (WB)"
  },
  {
    "country": "Uganda",
    "region": "Sub-Saharan Africa (WB)"
  },
  {
    "country": "Ukraine",
    "region": "Europe and Central Asia (WB)"
  },
  {
    "country": "United Arab Emirates",
    "region": "Middle East and North Africa (WB)"
  },
  {
    "country": "United Kingdom",
    "region": "Europe and Central Asia (WB)"
  },
  {
    "country": "United States",
    "region": "North America (WB)"
  },
  {
    "country": "United States Virgin Islands",
    "region": "Latin America and Caribbean (WB)"
  },
  {
    "country": "Uruguay",
    "region": "Latin America and Caribbean (WB)"
  },
  {
    "country": "Uzbekistan",
    "region": "Europe and Central Asia (WB)"
  },
  {
    "country": "Vanuatu",
    "region": "East Asia and Pacific (WB)"
  },
  {
    "country": "Vatican",
    "region": "Europe and Central Asia (WB)"
  },
  {
    "country": "Venezuela",
    "region": "Latin America and Caribbean (WB)"
  },
  {
    "country": "Vietnam",
    "region": "East Asia and Pacific (WB)"
  },
  {
    "country": "Wallis and Futuna",
    "region": "East Asia and Pacific (WB)"
  },
  {
    "country": "West Germany",
    "region": "Europe and Central Asia (WB)"
  },
  {
    "country": "Yemen",
    "region": "Middle East and North Africa (WB)"
  },
  {
    "country": "Yugoslavia",
    "region": "Europe and Central Asia (WB)"
  },
  {
    "country": "Zambia",
    "region": "Sub-Saharan Africa (WB)"
  },
  {
    "country": "Zimbabwe",
    "region": "Sub-Saharan Africa (WB)"
  }
]